query,P@10,Recall@10,AP@10
1,0.5,0.13513513513513514,0.125
2,0.5,0.3125,0.22239583333333332
mean,0.5,0.22381756756756757,0.17369791666666667
